<?xml version="1.0" encoding="UTF-8"?>
<!DOCTYPE resources PUBLIC "-//GlassFish.org//DTD GlassFish Application Server 3.1 Resource Definitions//EN" "http://glassfish.org/dtds/glassfish-resources_1_5.dtd">
<resources>
  <mail-resource debug="false" enabled="true" from="softwarecorporativo@yahoo.com.br" host="smtp.mail.yahoo.com" jndi-name="mail/scSession" object-type="user" store-protocol="imap" store-protocol-class="com.sun.mail.imap.IMAPStore" transport-protocol="smtp" transport-protocol-class="com.sun.mail.smtp.SMTPTransport" user="softwarecorporativo@yahoo.com.br">
    <description/>
    <property name="smtp.mail.yahoo.com" value="465"/>
    <property name="mail.smtp.socketFactory.port" value="465"/>
    <property name="mail.smtp.socketFactory.fallback" value="false"/>
    <property name="mail.smtp.socketFactory.class" value="javax.net.ssl.SSLSocketFactory"/>
    <property name="mail.smtp.auth" value="true"/>
    <property name="mail.smtp.password" value="s0ftw4r3c0rp0r4t1v0"/>
  </mail-resource>
  <jdbc-resource enabled="true" jndi-name="jdbc/Biblioteca" object-type="user" pool-name="bibliotecaPool">
    <description/>
  </jdbc-resource>  
  <jdbc-connection-pool allow-non-component-callers="false" associate-with-thread="false" connection-creation-retry-attempts="0" connection-creation-retry-interval-in-seconds="10" connection-leak-reclaim="false" connection-leak-timeout-in-seconds="0" connection-validation-method="table" datasource-classname="com.mysql.jdbc.jdbc2.optional.MysqlDataSource" fail-all-connections="false" idle-timeout-in-seconds="300" is-connection-validation-required="false" is-isolation-level-guaranteed="true" lazy-connection-association="false" lazy-connection-enlistment="false" match-connections="false" max-connection-usage-count="0" max-pool-size="32" max-wait-time-in-millis="60000" name="bibliotecaPool" non-transactional-connections="false" ping="false" pool-resize-quantity="2" pooling="true" res-type="javax.sql.DataSource" statement-cache-size="0" statement-leak-reclaim="false" statement-leak-timeout-in-seconds="0" statement-timeout-in-seconds="-1" steady-pool-size="8" transaction-isolation-level="read-committed" validate-atmost-once-period-in-seconds="0" wrap-jdbc-objects="true">
    <property name="URL" value="jdbc:mysql://localhost:3306/biblioteca"/>
    <property name="User" value="root"/>
    <property name="Password" value="root"/>
  </jdbc-connection-pool>
</resources>
